flickrid,url,tag,Large Square,Small,Medium,Large
11011320426,http://flickr.com/photos/britishlibrary/11011320426,portrait,http://farm3.staticflickr.com/2849/11011320426_c8ce1bff32_q.jpg,http://farm3.staticflickr.com/2849/11011320426_c8ce1bff32_m.jpg,http://farm3.staticflickr.com/2849/11011320426_c8ce1bff32.jpg,http://farm3.staticflickr.com/2849/11011320426_c8ce1bff32_b.jpg
10999610865,http://flickr.com/photos/britishlibrary/10999610865,portrait,http://farm8.staticflickr.com/7372/10999610865_e000dfcacb_q.jpg,http://farm8.staticflickr.com/7372/10999610865_e000dfcacb_m.jpg,http://farm8.staticflickr.com/7372/10999610865_e000dfcacb.jpg,http://farm8.staticflickr.com/7372/10999610865_e000dfcacb_b.jpg
10999211103,http://flickr.com/photos/britishlibrary/10999211103,portrait,http://farm6.staticflickr.com/5499/10999211103_2b3df81981_q.jpg,http://farm6.staticflickr.com/5499/10999211103_2b3df81981_m.jpg,http://farm6.staticflickr.com/5499/10999211103_2b3df81981.jpg,http://farm6.staticflickr.com/5499/10999211103_2b3df81981_b.jpg
11009304193,http://flickr.com/photos/britishlibrary/11009304193,portrait,http://farm6.staticflickr.com/5491/11009304193_fa24663a63_q.jpg,http://farm6.staticflickr.com/5491/11009304193_fa24663a63_m.jpg,http://farm6.staticflickr.com/5491/11009304193_fa24663a63.jpg,http://farm6.staticflickr.com/5491/11009304193_fa24663a63_b.jpg
11037357696,http://flickr.com/photos/britishlibrary/11037357696,portrait,http://farm8.staticflickr.com/7388/11037357696_5f7ec9a93f_q.jpg,http://farm8.staticflickr.com/7388/11037357696_5f7ec9a93f_m.jpg,http://farm8.staticflickr.com/7388/11037357696_5f7ec9a93f.jpg,http://farm8.staticflickr.com/7388/11037357696_5f7ec9a93f_b.jpg
11121054834,http://flickr.com/photos/britishlibrary/11121054834,map,http://farm3.staticflickr.com/2854/11121054834_db073c9e45_q.jpg,http://farm3.staticflickr.com/2854/11121054834_db073c9e45_m.jpg,http://farm3.staticflickr.com/2854/11121054834_db073c9e45.jpg,http://farm3.staticflickr.com/2854/11121054834_db073c9e45_b.jpg
11052512615,http://flickr.com/photos/britishlibrary/11052512615,map,http://farm6.staticflickr.com/5494/11052512615_91f7b0de29_q.jpg,http://farm6.staticflickr.com/5494/11052512615_91f7b0de29_m.jpg,http://farm6.staticflickr.com/5494/11052512615_91f7b0de29.jpg,http://farm6.staticflickr.com/5494/11052512615_91f7b0de29_b.jpg
11106491856,http://flickr.com/photos/britishlibrary/11106491856,map,http://farm8.staticflickr.com/7340/11106491856_91e5e27fd8_q.jpg,http://farm8.staticflickr.com/7340/11106491856_91e5e27fd8_m.jpg,http://farm8.staticflickr.com/7340/11106491856_91e5e27fd8.jpg,http://farm8.staticflickr.com/7340/11106491856_91e5e27fd8_b.jpg
11126187606,http://flickr.com/photos/britishlibrary/11126187606,map,http://farm4.staticflickr.com/3823/11126187606_0f198b3942_q.jpg,http://farm4.staticflickr.com/3823/11126187606_0f198b3942_m.jpg,http://farm4.staticflickr.com/3823/11126187606_0f198b3942.jpg,http://farm4.staticflickr.com/3823/11126187606_0f198b3942_b.jpg
16564040026,http://flickr.com/photos/britishlibrary/16564040026,map,http://farm9.staticflickr.com/8664/16564040026_0067cf0a77_q.jpg,http://farm9.staticflickr.com/8664/16564040026_0067cf0a77_m.jpg,http://farm9.staticflickr.com/8664/16564040026_0067cf0a77.jpg,http://farm9.staticflickr.com/8664/16564040026_0067cf0a77_b.jpg
11018218063,http://flickr.com/photos/britishlibrary/11018218063,diagram,http://farm8.staticflickr.com/7360/11018218063_2a6f0ecef5_q.jpg,http://farm8.staticflickr.com/7360/11018218063_2a6f0ecef5_m.jpg,http://farm8.staticflickr.com/7360/11018218063_2a6f0ecef5.jpg,
11031307904,http://flickr.com/photos/britishlibrary/11031307904,diagram,http://farm8.staticflickr.com/7344/11031307904_df29007f84_q.jpg,http://farm8.staticflickr.com/7344/11031307904_df29007f84_m.jpg,http://farm8.staticflickr.com/7344/11031307904_df29007f84.jpg,http://farm8.staticflickr.com/7344/11031307904_df29007f84_b.jpg
11016659154,http://flickr.com/photos/britishlibrary/11016659154,diagram,http://farm4.staticflickr.com/3744/11016659154_703b856a7a_q.jpg,http://farm4.staticflickr.com/3744/11016659154_703b856a7a_m.jpg,http://farm4.staticflickr.com/3744/11016659154_703b856a7a.jpg,http://farm4.staticflickr.com/3744/11016659154_703b856a7a_b.jpg
11019875596,http://flickr.com/photos/britishlibrary/11019875596,diagram,http://farm8.staticflickr.com/7313/11019875596_d19a1a4bae_q.jpg,http://farm8.staticflickr.com/7313/11019875596_d19a1a4bae_m.jpg,http://farm8.staticflickr.com/7313/11019875596_d19a1a4bae.jpg,http://farm8.staticflickr.com/7313/11019875596_d19a1a4bae_b.jpg
11049491713,http://flickr.com/photos/britishlibrary/11049491713,diagram,http://farm4.staticflickr.com/3708/11049491713_fb3fc92a8e_q.jpg,http://farm4.staticflickr.com/3708/11049491713_fb3fc92a8e_m.jpg,http://farm4.staticflickr.com/3708/11049491713_fb3fc92a8e.jpg,http://farm4.staticflickr.com/3708/11049491713_fb3fc92a8e_b.jpg
11057980693,http://flickr.com/photos/britishlibrary/11057980693,people,http://farm3.staticflickr.com/2828/11057980693_4d694b0517_q.jpg,http://farm3.staticflickr.com/2828/11057980693_4d694b0517_m.jpg,http://farm3.staticflickr.com/2828/11057980693_4d694b0517.jpg,http://farm3.staticflickr.com/2828/11057980693_4d694b0517_b.jpg
11224319795,http://flickr.com/photos/britishlibrary/11224319795,people,http://farm3.staticflickr.com/2844/11224319795_b46550a663_q.jpg,http://farm3.staticflickr.com/2844/11224319795_b46550a663_m.jpg,http://farm3.staticflickr.com/2844/11224319795_b46550a663.jpg,http://farm3.staticflickr.com/2844/11224319795_b46550a663_b.jpg
11030242636,http://flickr.com/photos/britishlibrary/11030242636,people,http://farm4.staticflickr.com/3753/11030242636_4da36a134d_q.jpg,http://farm4.staticflickr.com/3753/11030242636_4da36a134d_m.jpg,http://farm4.staticflickr.com/3753/11030242636_4da36a134d.jpg,http://farm4.staticflickr.com/3753/11030242636_4da36a134d_b.jpg
11056139176,http://flickr.com/photos/britishlibrary/11056139176,people,http://farm4.staticflickr.com/3760/11056139176_bed0ef652c_q.jpg,http://farm4.staticflickr.com/3760/11056139176_bed0ef652c_m.jpg,http://farm4.staticflickr.com/3760/11056139176_bed0ef652c.jpg,http://farm4.staticflickr.com/3760/11056139176_bed0ef652c_b.jpg
11064382983,http://flickr.com/photos/britishlibrary/11064382983,people,http://farm3.staticflickr.com/2835/11064382983_24b0a5e72c_q.jpg,http://farm3.staticflickr.com/2835/11064382983_24b0a5e72c_m.jpg,http://farm3.staticflickr.com/2835/11064382983_24b0a5e72c.jpg,http://farm3.staticflickr.com/2835/11064382983_24b0a5e72c_b.jpg
11233894496,http://flickr.com/photos/britishlibrary/11233894496,heraldry,http://farm8.staticflickr.com/7445/11233894496_2a6f209a64_q.jpg,http://farm8.staticflickr.com/7445/11233894496_2a6f209a64_m.jpg,http://farm8.staticflickr.com/7445/11233894496_2a6f209a64.jpg,http://farm8.staticflickr.com/7445/11233894496_2a6f209a64_b.jpg
11054486335,http://flickr.com/photos/britishlibrary/11054486335,heraldry,http://farm6.staticflickr.com/5500/11054486335_37aaaa8c4c_q.jpg,http://farm6.staticflickr.com/5500/11054486335_37aaaa8c4c_m.jpg,http://farm6.staticflickr.com/5500/11054486335_37aaaa8c4c.jpg,
11030117644,http://flickr.com/photos/britishlibrary/11030117644,heraldry,http://farm8.staticflickr.com/7316/11030117644_a54161d516_q.jpg,http://farm8.staticflickr.com/7316/11030117644_a54161d516_m.jpg,http://farm8.staticflickr.com/7316/11030117644_a54161d516.jpg,
11114402023,http://flickr.com/photos/britishlibrary/11114402023,heraldry,http://farm3.staticflickr.com/2821/11114402023_2755deb84b_q.jpg,http://farm3.staticflickr.com/2821/11114402023_2755deb84b_m.jpg,http://farm3.staticflickr.com/2821/11114402023_2755deb84b.jpg,http://farm3.staticflickr.com/2821/11114402023_2755deb84b_b.jpg
11031156475,http://flickr.com/photos/britishlibrary/11031156475,heraldry,http://farm3.staticflickr.com/2881/11031156475_4c565f6a1c_q.jpg,http://farm3.staticflickr.com/2881/11031156475_4c565f6a1c_m.jpg,http://farm3.staticflickr.com/2881/11031156475_4c565f6a1c.jpg,
10999122055,http://flickr.com/photos/britishlibrary/10999122055,architecture,http://farm6.staticflickr.com/5546/10999122055_8a48ab1948_q.jpg,http://farm6.staticflickr.com/5546/10999122055_8a48ab1948_m.jpg,http://farm6.staticflickr.com/5546/10999122055_8a48ab1948.jpg,http://farm6.staticflickr.com/5546/10999122055_8a48ab1948_b.jpg
11283087333,http://flickr.com/photos/britishlibrary/11283087333,architecture,http://farm4.staticflickr.com/3723/11283087333_002a0fc435_q.jpg,http://farm4.staticflickr.com/3723/11283087333_002a0fc435_m.jpg,http://farm4.staticflickr.com/3723/11283087333_002a0fc435.jpg,http://farm4.staticflickr.com/3723/11283087333_002a0fc435_b.jpg
11239142696,http://flickr.com/photos/britishlibrary/11239142696,architecture,http://farm3.staticflickr.com/2816/11239142696_c52ccbc933_q.jpg,http://farm3.staticflickr.com/2816/11239142696_c52ccbc933_m.jpg,http://farm3.staticflickr.com/2816/11239142696_c52ccbc933.jpg,http://farm3.staticflickr.com/2816/11239142696_c52ccbc933_b.jpg
11022860273,http://flickr.com/photos/britishlibrary/11022860273,architecture,http://farm4.staticflickr.com/3747/11022860273_353a9313ef_q.jpg,http://farm4.staticflickr.com/3747/11022860273_353a9313ef_m.jpg,http://farm4.staticflickr.com/3747/11022860273_353a9313ef.jpg,http://farm4.staticflickr.com/3747/11022860273_353a9313ef_b.jpg
11226469816,http://flickr.com/photos/britishlibrary/11226469816,architecture,http://farm6.staticflickr.com/5534/11226469816_c5b879e271_q.jpg,http://farm6.staticflickr.com/5534/11226469816_c5b879e271_m.jpg,http://farm6.staticflickr.com/5534/11226469816_c5b879e271.jpg,http://farm6.staticflickr.com/5534/11226469816_c5b879e271_b.jpg
10997893393,http://flickr.com/photos/britishlibrary/10997893393,music,http://farm4.staticflickr.com/3707/10997893393_74c84eeb30_q.jpg,http://farm4.staticflickr.com/3707/10997893393_74c84eeb30_m.jpg,http://farm4.staticflickr.com/3707/10997893393_74c84eeb30.jpg,http://farm4.staticflickr.com/3707/10997893393_74c84eeb30_b.jpg
10997591336,http://flickr.com/photos/britishlibrary/10997591336,music,http://farm6.staticflickr.com/5528/10997591336_756cd7a04b_q.jpg,http://farm6.staticflickr.com/5528/10997591336_756cd7a04b_m.jpg,http://farm6.staticflickr.com/5528/10997591336_756cd7a04b.jpg,http://farm6.staticflickr.com/5528/10997591336_756cd7a04b_b.jpg
11076612053,http://flickr.com/photos/britishlibrary/11076612053,music,http://farm3.staticflickr.com/2839/11076612053_455fff9c22_q.jpg,http://farm3.staticflickr.com/2839/11076612053_455fff9c22_m.jpg,http://farm3.staticflickr.com/2839/11076612053_455fff9c22.jpg,http://farm3.staticflickr.com/2839/11076612053_455fff9c22_b.jpg
11017493426,http://flickr.com/photos/britishlibrary/11017493426,music,http://farm8.staticflickr.com/7438/11017493426_738a64fac5_q.jpg,http://farm8.staticflickr.com/7438/11017493426_738a64fac5_m.jpg,http://farm8.staticflickr.com/7438/11017493426_738a64fac5.jpg,http://farm8.staticflickr.com/7438/11017493426_738a64fac5_b.jpg
11080561153,http://flickr.com/photos/britishlibrary/11080561153,music,http://farm6.staticflickr.com/5528/11080561153_38c3e4a300_q.jpg,http://farm6.staticflickr.com/5528/11080561153_38c3e4a300_m.jpg,http://farm6.staticflickr.com/5528/11080561153_38c3e4a300.jpg,http://farm6.staticflickr.com/5528/11080561153_38c3e4a300_b.jpg
11095085736,http://flickr.com/photos/britishlibrary/11095085736,fauna,http://farm4.staticflickr.com/3682/11095085736_7eb9b07125_q.jpg,http://farm4.staticflickr.com/3682/11095085736_7eb9b07125_m.jpg,http://farm4.staticflickr.com/3682/11095085736_7eb9b07125.jpg,http://farm4.staticflickr.com/3682/11095085736_7eb9b07125_b.jpg
11109584803,http://flickr.com/photos/britishlibrary/11109584803,fauna,http://farm4.staticflickr.com/3778/11109584803_e46257e3d1_q.jpg,http://farm4.staticflickr.com/3778/11109584803_e46257e3d1_m.jpg,http://farm4.staticflickr.com/3778/11109584803_e46257e3d1.jpg,http://farm4.staticflickr.com/3778/11109584803_e46257e3d1_b.jpg
11092396604,http://flickr.com/photos/britishlibrary/11092396604,fauna,http://farm6.staticflickr.com/5536/11092396604_d4771f456e_q.jpg,http://farm6.staticflickr.com/5536/11092396604_d4771f456e_m.jpg,http://farm6.staticflickr.com/5536/11092396604_d4771f456e.jpg,
11280671194,http://flickr.com/photos/britishlibrary/11280671194,fauna,http://farm6.staticflickr.com/5538/11280671194_09b6452098_q.jpg,http://farm6.staticflickr.com/5538/11280671194_09b6452098_m.jpg,http://farm6.staticflickr.com/5538/11280671194_09b6452098.jpg,http://farm6.staticflickr.com/5538/11280671194_09b6452098_b.jpg
11003192295,http://flickr.com/photos/britishlibrary/11003192295,fauna,http://farm6.staticflickr.com/5493/11003192295_c63c520294_q.jpg,http://farm6.staticflickr.com/5493/11003192295_c63c520294_m.jpg,http://farm6.staticflickr.com/5493/11003192295_c63c520294.jpg,http://farm6.staticflickr.com/5493/11003192295_c63c520294_b.jpg
11250469245,http://flickr.com/photos/britishlibrary/11250469245,flora,http://farm6.staticflickr.com/5535/11250469245_fd17f6c776_q.jpg,http://farm6.staticflickr.com/5535/11250469245_fd17f6c776_m.jpg,http://farm6.staticflickr.com/5535/11250469245_fd17f6c776.jpg,http://farm6.staticflickr.com/5535/11250469245_fd17f6c776_b.jpg
11110811156,http://flickr.com/photos/britishlibrary/11110811156,flora,http://farm3.staticflickr.com/2854/11110811156_1f12b535b2_q.jpg,http://farm3.staticflickr.com/2854/11110811156_1f12b535b2_m.jpg,http://farm3.staticflickr.com/2854/11110811156_1f12b535b2.jpg,http://farm3.staticflickr.com/2854/11110811156_1f12b535b2_b.jpg
11080934425,http://flickr.com/photos/britishlibrary/11080934425,flora,http://farm8.staticflickr.com/7347/11080934425_f1f7b9ff6e_q.jpg,http://farm8.staticflickr.com/7347/11080934425_f1f7b9ff6e_m.jpg,http://farm8.staticflickr.com/7347/11080934425_f1f7b9ff6e.jpg,
11241880265,http://flickr.com/photos/britishlibrary/11241880265,flora,http://farm3.staticflickr.com/2882/11241880265_1503f15d9c_q.jpg,http://farm3.staticflickr.com/2882/11241880265_1503f15d9c_m.jpg,http://farm3.staticflickr.com/2882/11241880265_1503f15d9c.jpg,http://farm3.staticflickr.com/2882/11241880265_1503f15d9c_b.jpg
11023066454,http://flickr.com/photos/britishlibrary/11023066454,flora,http://farm6.staticflickr.com/5499/11023066454_4d1e91149c_q.jpg,http://farm6.staticflickr.com/5499/11023066454_4d1e91149c_m.jpg,http://farm6.staticflickr.com/5499/11023066454_4d1e91149c.jpg,http://farm6.staticflickr.com/5499/11023066454_4d1e91149c_b.jpg
11134993185,http://flickr.com/photos/britishlibrary/11134993185,cycling,http://farm4.staticflickr.com/3666/11134993185_dd56507ebe_q.jpg,http://farm4.staticflickr.com/3666/11134993185_dd56507ebe_m.jpg,http://farm4.staticflickr.com/3666/11134993185_dd56507ebe.jpg,http://farm4.staticflickr.com/3666/11134993185_dd56507ebe_b.jpg
11093202596,http://flickr.com/photos/britishlibrary/11093202596,cycling,http://farm8.staticflickr.com/7416/11093202596_a2e70933f5_q.jpg,http://farm8.staticflickr.com/7416/11093202596_a2e70933f5_m.jpg,http://farm8.staticflickr.com/7416/11093202596_a2e70933f5.jpg,http://farm8.staticflickr.com/7416/11093202596_a2e70933f5_b.jpg
11168703703,http://flickr.com/photos/britishlibrary/11168703703,cycling,http://farm8.staticflickr.com/7299/11168703703_c59e45f5bd_q.jpg,http://farm8.staticflickr.com/7299/11168703703_c59e45f5bd_m.jpg,http://farm8.staticflickr.com/7299/11168703703_c59e45f5bd.jpg,http://farm8.staticflickr.com/7299/11168703703_c59e45f5bd_b.jpg
11238768966,http://flickr.com/photos/britishlibrary/11238768966,cycling,http://farm3.staticflickr.com/2869/11238768966_c7f44d49b6_q.jpg,http://farm3.staticflickr.com/2869/11238768966_c7f44d49b6_m.jpg,http://farm3.staticflickr.com/2869/11238768966_c7f44d49b6.jpg,http://farm3.staticflickr.com/2869/11238768966_c7f44d49b6_b.jpg
11134274276,http://flickr.com/photos/britishlibrary/11134274276,cycling,http://farm3.staticflickr.com/2806/11134274276_e76da0209b_q.jpg,http://farm3.staticflickr.com/2806/11134274276_e76da0209b_m.jpg,http://farm3.staticflickr.com/2806/11134274276_e76da0209b.jpg,http://farm3.staticflickr.com/2806/11134274276_e76da0209b_b.jpg
11301379043,http://flickr.com/photos/britishlibrary/11301379043,UNTAGGED,http://farm4.staticflickr.com/3790/11301379043_a97340baf2_q.jpg,http://farm4.staticflickr.com/3790/11301379043_a97340baf2_m.jpg,http://farm4.staticflickr.com/3790/11301379043_a97340baf2.jpg,http://farm4.staticflickr.com/3790/11301379043_a97340baf2_b.jpg
11243262283,http://flickr.com/photos/britishlibrary/11243262283,UNTAGGED,http://farm8.staticflickr.com/7455/11243262283_fdbaa60d91_q.jpg,http://farm8.staticflickr.com/7455/11243262283_fdbaa60d91_m.jpg,http://farm8.staticflickr.com/7455/11243262283_fdbaa60d91.jpg,http://farm8.staticflickr.com/7455/11243262283_fdbaa60d91_b.jpg
11193961073,http://flickr.com/photos/britishlibrary/11193961073,UNTAGGED,http://farm6.staticflickr.com/5534/11193961073_9518790565_q.jpg,http://farm6.staticflickr.com/5534/11193961073_9518790565_m.jpg,http://farm6.staticflickr.com/5534/11193961073_9518790565.jpg,http://farm6.staticflickr.com/5534/11193961073_9518790565_b.jpg
11048032326,http://flickr.com/photos/britishlibrary/11048032326,UNTAGGED,http://farm4.staticflickr.com/3697/11048032326_b8c41a32d7_q.jpg,http://farm4.staticflickr.com/3697/11048032326_b8c41a32d7_m.jpg,http://farm4.staticflickr.com/3697/11048032326_b8c41a32d7.jpg,http://farm4.staticflickr.com/3697/11048032326_b8c41a32d7_b.jpg
11073469916,http://flickr.com/photos/britishlibrary/11073469916,UNTAGGED,http://farm8.staticflickr.com/7403/11073469916_b593d25035_q.jpg,http://farm8.staticflickr.com/7403/11073469916_b593d25035_m.jpg,http://farm8.staticflickr.com/7403/11073469916_b593d25035.jpg,http://farm8.staticflickr.com/7403/11073469916_b593d25035_b.jpg
11252205626,http://flickr.com/photos/britishlibrary/11252205626,UNTAGGED,http://farm4.staticflickr.com/3823/11252205626_25821f6536_q.jpg,http://farm4.staticflickr.com/3823/11252205626_25821f6536_m.jpg,http://farm4.staticflickr.com/3823/11252205626_25821f6536.jpg,http://farm4.staticflickr.com/3823/11252205626_25821f6536_b.jpg
11018448116,http://flickr.com/photos/britishlibrary/11018448116,UNTAGGED,http://farm3.staticflickr.com/2833/11018448116_844a18cfb8_q.jpg,http://farm3.staticflickr.com/2833/11018448116_844a18cfb8_m.jpg,http://farm3.staticflickr.com/2833/11018448116_844a18cfb8.jpg,http://farm3.staticflickr.com/2833/11018448116_844a18cfb8_b.jpg
11096249646,http://flickr.com/photos/britishlibrary/11096249646,UNTAGGED,http://farm4.staticflickr.com/3690/11096249646_0056e9e3ea_q.jpg,http://farm4.staticflickr.com/3690/11096249646_0056e9e3ea_m.jpg,http://farm4.staticflickr.com/3690/11096249646_0056e9e3ea.jpg,http://farm4.staticflickr.com/3690/11096249646_0056e9e3ea_b.jpg
11211106784,http://flickr.com/photos/britishlibrary/11211106784,UNTAGGED,http://farm8.staticflickr.com/7335/11211106784_7201c9bd83_q.jpg,http://farm8.staticflickr.com/7335/11211106784_7201c9bd83_m.jpg,http://farm8.staticflickr.com/7335/11211106784_7201c9bd83.jpg,http://farm8.staticflickr.com/7335/11211106784_7201c9bd83_b.jpg
11059407654,http://flickr.com/photos/britishlibrary/11059407654,UNTAGGED,http://farm4.staticflickr.com/3750/11059407654_13416da3bd_q.jpg,http://farm4.staticflickr.com/3750/11059407654_13416da3bd_m.jpg,,
11098384706,http://flickr.com/photos/britishlibrary/11098384706,UNTAGGED,http://farm4.staticflickr.com/3687/11098384706_9d078f1aff_q.jpg,http://farm4.staticflickr.com/3687/11098384706_9d078f1aff_m.jpg,,
11090866486,http://flickr.com/photos/britishlibrary/11090866486,UNTAGGED,http://farm4.staticflickr.com/3701/11090866486_bd3e75a29a_q.jpg,http://farm4.staticflickr.com/3701/11090866486_bd3e75a29a_m.jpg,http://farm4.staticflickr.com/3701/11090866486_bd3e75a29a.jpg,http://farm4.staticflickr.com/3701/11090866486_bd3e75a29a_b.jpg
11004324334,http://flickr.com/photos/britishlibrary/11004324334,UNTAGGED,http://farm4.staticflickr.com/3834/11004324334_ef37e9ed83_q.jpg,http://farm4.staticflickr.com/3834/11004324334_ef37e9ed83_m.jpg,http://farm4.staticflickr.com/3834/11004324334_ef37e9ed83.jpg,http://farm4.staticflickr.com/3834/11004324334_ef37e9ed83_b.jpg
11180304415,http://flickr.com/photos/britishlibrary/11180304415,UNTAGGED,http://farm6.staticflickr.com/5540/11180304415_be42717905_q.jpg,http://farm6.staticflickr.com/5540/11180304415_be42717905_m.jpg,http://farm6.staticflickr.com/5540/11180304415_be42717905.jpg,http://farm6.staticflickr.com/5540/11180304415_be42717905_b.jpg
11002560705,http://flickr.com/photos/britishlibrary/11002560705,UNTAGGED,http://farm8.staticflickr.com/7340/11002560705_8decac9e9c_q.jpg,http://farm8.staticflickr.com/7340/11002560705_8decac9e9c_m.jpg,http://farm8.staticflickr.com/7340/11002560705_8decac9e9c.jpg,http://farm8.staticflickr.com/7340/11002560705_8decac9e9c_b.jpg
11128267766,http://flickr.com/photos/britishlibrary/11128267766,UNTAGGED,http://farm8.staticflickr.com/7340/11128267766_33edb6fc92_q.jpg,http://farm8.staticflickr.com/7340/11128267766_33edb6fc92_m.jpg,http://farm8.staticflickr.com/7340/11128267766_33edb6fc92.jpg,http://farm8.staticflickr.com/7340/11128267766_33edb6fc92_b.jpg
11130396904,http://flickr.com/photos/britishlibrary/11130396904,UNTAGGED,http://farm8.staticflickr.com/7444/11130396904_0552f0f037_q.jpg,http://farm8.staticflickr.com/7444/11130396904_0552f0f037_m.jpg,http://farm8.staticflickr.com/7444/11130396904_0552f0f037.jpg,http://farm8.staticflickr.com/7444/11130396904_0552f0f037_b.jpg
11064981303,http://flickr.com/photos/britishlibrary/11064981303,UNTAGGED,http://farm3.staticflickr.com/2851/11064981303_3a156f5391_q.jpg,http://farm3.staticflickr.com/2851/11064981303_3a156f5391_m.jpg,http://farm3.staticflickr.com/2851/11064981303_3a156f5391.jpg,http://farm3.staticflickr.com/2851/11064981303_3a156f5391_b.jpg
11299661496,http://flickr.com/photos/britishlibrary/11299661496,UNTAGGED,http://farm8.staticflickr.com/7440/11299661496_6d5bf32e54_q.jpg,http://farm8.staticflickr.com/7440/11299661496_6d5bf32e54_m.jpg,http://farm8.staticflickr.com/7440/11299661496_6d5bf32e54.jpg,http://farm8.staticflickr.com/7440/11299661496_6d5bf32e54_b.jpg
11039150503,http://flickr.com/photos/britishlibrary/11039150503,UNTAGGED,http://farm4.staticflickr.com/3721/11039150503_b6f3fba24b_q.jpg,http://farm4.staticflickr.com/3721/11039150503_b6f3fba24b_m.jpg,http://farm4.staticflickr.com/3721/11039150503_b6f3fba24b.jpg,http://farm4.staticflickr.com/3721/11039150503_b6f3fba24b_b.jpg
11041538345,http://flickr.com/photos/britishlibrary/11041538345,UNTAGGED,http://farm4.staticflickr.com/3698/11041538345_55aecfd30c_q.jpg,http://farm4.staticflickr.com/3698/11041538345_55aecfd30c_m.jpg,http://farm4.staticflickr.com/3698/11041538345_55aecfd30c.jpg,http://farm4.staticflickr.com/3698/11041538345_55aecfd30c_b.jpg
